{
    "HOSE": {
        "VIC": {
            "timestamps": [1711360800, 1711364400, 1711368000],
            "prices": [61000, 61250, 61500],
            "volumes": [10500, 12000, 13000]
        },
        "VNM": {
            "timestamps": [1711360800, 1711364400, 1711368000],
            "prices": [71200, 71500, 71800],
            "volumes": [8000, 8500, 9000]
        },
        "HPG": {
            "timestamps": [1711360800, 1711364400, 1711368000],
            "prices": [27450, 27600, 27800],
            "volumes": [21000, 22000, 23000]
        },
        "MWG": {
            "timestamps": [1711360800, 1711364400, 1711368000],
            "prices": [45000, 45500, 46000],
            "volumes": [15000, 16000, 17000]
        },
        "VCB": {
            "timestamps": [1711360800, 1711364400, 1711368000],
            "prices": [90200, 90500, 91000],
            "volumes": [5000, 5200, 5400]
        }
    },
    "HNX": {
        "SHB": {
            "timestamps": [1711360800, 1711364400, 1711368000],
            "prices": [11000, 11200, 11500],
            "volumes": [500000, 510000, 520000]
        },
        "ACB": {
            "timestamps": [1711360800, 1711364400, 1711368000],
            "prices": [24500, 24800, 25000],
            "volumes": [120000, 125000, 130000]
        },
        "PVS": {
            "timestamps": [1711360800, 1711364400, 1711368000],
            "prices": [28700, 29000, 29300],
            "volumes": [89000, 91000, 93000]
        },
        "VCS": {
            "timestamps": [1711360800, 1711364400, 1711368000],
            "prices": [72000, 72500, 73000],
            "volumes": [54000, 55000, 56000]
        },
        "BVS": {
            "timestamps": [1711360800, 1711364400, 1711368000],
            "prices": [16300, 16500, 16800],
            "volumes": [32000, 33000, 34000]
        }
    }
}
